AA_substitution	relative_activity	standard_deviation	25.2	25.3	23.1	25.1
A16V	0.42	0.005	0.826	0.931	0.8435	0.633
V117A	N/A	N/A	0.72	0.846	0.5147	0.324
P118S	0.5	0.071	0.777	0.881	0.9229	0.538
Y131S	0.04	0.022	0.09	0.132	0.1516	0.084
V135G	0.21	0.045	0.124	0.163	0.0857	0.181
T137M	0.25	0.061	0.203	0.314	0.0598	0.126
S141T	0.34	0.026	0.145	0.313	0.7979	0.124
R152Q	0.35	0.071	0.749	0.932	0.8545	0.325
I154T	0.04	0.031	0.098	0.247	0.2017	0.145
A158S	0.1	0.025	0.21	0.45	0.3313	0.202
S169N	0.76	0.091	0.71	0.847	0.6698	0.405
A181D	0.54	0.031	0.585	0.786	0.9182	0.489
G183A	0.11	0.036	0.15	0.31	0.3516	0.241
N190S	0.69	0.08	0.82	0.94	0.7107	0.351
F192L	0.28	0.033	0.34	0.613	0.475	0.196
F198Y	0.44	0.032	0.25	0.428	0.7593	0.088
G202R	0.4	0.109	0.239	0.428	0.5256	0.333
M204I	0.23	0.061	0.244	0.469	0.2723	0.098
D211N	0.7	0.067	0.594	0.807	0.705	0.492
P216S	0.67	0.055	0.917	0.965	0.888	0.511
P216R	0.57	0.028	0.939	0.975	0.8929	0.521
Q222E	0.47	0.031	0.661	0.789	0.3964	0.123
Y224C	0.34	0.023	0.736	0.828	0.7945	0.379
R228Q	0.53	0.064	0.893	0.945	0.9659	0.349
R228W	0.16	0.008	0.779	0.893	0.5779	0.253
G237D	0.06	0.033	0.123	0.277	0.3295	0.084
P243S	0.21	0.051	0.203	0.447	0.1749	0.085
A244T	0.2	0.027	0.466	0.728	0.3537	0.2
E251K	0.18	0.087	0.954	0.985	0.9236	0.537
V253I	1.13	0.041	0.966	0.988	0.8605	0.581
T254I	0.67	0.064	0.736	0.895	0.5005	0.513
V260I	0.69	0.028	0.893	0.952	0.7216	0.347
N261S	0.72	0.03	0.879	0.94	0.7608	0.371
T263M	0.93	0.163	0.612	0.777	0.6352	0.372
G269D	0.89	0.153	0.453	0.656	0.517	0.374
C273R	0.19	0.139	0.161	0.317	0.535	0.296
S276F	0.07	0.039	0.118	0.28	0.4056	0.246
L281P	0.06	0.028	0.038	0.074	0.1146	0.196
P283L	1.19	0.057	0.286	0.472	0.2788	0.335
I290V	0.21	0.035	0.969	0.988	0.9862	0.604
I291L	1.08	0.204	0.865	0.923	0.5612	0.299
L294F	0.96	0.088	0.757	0.888	0.6943	0.353
R297Q	1.05	0.172	0.877	0.942	0.9153	0.401
I300T	0.92	0.242	0.969	0.985	0.9649	0.41
D306G	0.58	0.06	0.405	0.616	0.5241	0.429
I308T	0.34	0.058	0.489	0.731	0.3575	0.316
G310A	0.68	0.109	0.647	0.84	0.4895	0.384
G310V	0.06	0.029	0.553	0.781	0.2936	0.376
S322L	0.74	0.118	0.656	0.85	0.4739	0.512
L327F	0.09	0.047	0.322	0.554	0.4736	0.248
A329T	0.87	0.15	0.816	0.912	0.8444	0.443
T332I	0.81	0.02	0.86	0.932	0.7316	0.506
V334I	0.76	0.093	0.87	0.933	0.9979	0.464
M338I	0.59	0.051	0.391	0.62	0.5873	0.297
T339P	0.05	0.017	0.667	0.85	0.736	0.526
A340T	0.95	0.01	0.902	0.953	0.9785	0.58
L349F	0.08	0.027	0.36	0.637	0.5234	0.259
G351A	0.64	0.101	0.161	0.342	0.5617	0.144
F354S	0.07	0.01	0.154	0.306	0.0604	0.129
Q355K	0.65	0.112	0.543	0.706	0.8091	0.394
W361S	0.07	0.029	0.159	0.329	0.0656	0.195
I366M	0.59	0.097	0.878	0.958	0.9507	0.338
V369L	0.14	0.037	0.682	0.86	0.8777	0.426
P374S	0.77	0.127	0.258	0.474	0.2639	0.136
R375H	0.4	0.064	0.879	0.946	0.899	0.329
R375C	0.25	0.023	0.719	0.878	0.7222	0.332
R377H	0.06	0.036	0.751	0.878	0.6044	0.279
R377C	0.15	0.048	0.539	0.79	0.3743	0.286
A385V	0.03	0.019	0.423	0.668	0.434	0.316
E386K	0.03	0.018	0.236	0.459	0.3085	0.257
R393H	0.85	0.145	0.879	0.924	0.882	0.408
Q398K	0.5	0.016	0.612	0.758	0.6572	0.399
G399V	0.05	0.025	0.087	0.186	0.075	0.11
W404C	0.02	0.018	0.045	0.07	0.1308	0.148
H408Y	0.04	0.022	0.174	0.405	0.5104	0.126
E421K	0.33	0.056	0.259	0.492	0.8318	0.343
G426A	0.09	0.021	0.378	0.629	0.5532	0.279
R431C	0.05	0.021	0.495	0.745	0.5082	0.348
N435T	0.3	0.048	0.259	0.461	0.5909	0.25
T437S	0.96	0.071	0.721	0.853	0.753	0.243
T441M	0.49	0.048	0.555	0.764	0.5502	0.347
A444V	0.93	0.067	0.666	0.839	0.4739	0.261
A444D	0.04	0.012	0.317	0.501	0.2048	0.284
P445S	0.04	0.011	0.203	0.363	0.3365	0.216
S449N	0.21	0.065	0.739	0.88	0.6362	0.553
V454F	0.04	0.017	0.254	0.391	0.5811	0.245
Y455S	0.03	0.023	0.079	0.118	0.0845	0.113
S456F	0.23	0.042	0.21	0.484	0.336	0.285
G462R	0.03	0.026	0.229	0.464	0.4979	0.407
R464Q	0.03	0.015	0.603	0.797	0.5703	0.348
S477T	1.01	0.077	0.884	0.941	0.9192	0.273
A479T	0.2	0.043	0.6	0.791	0.7578	0.179
A480T	0.43	0.077	0.903	0.947	0.9929	0.595
R481W	0.09	0.014	0.344	0.585	0.2922	0.251
P488L	0.39	0.075	0.749	0.845	0.7892	0.38
A490T	0.58	0.06	0.788	0.869	0.7456	0.44
G491A	0.67	0.098	0.843	0.924	0.9318	0.621
A493V	0.18	0.033	0.173	0.367	0.3084	0.093
L496P	0.05	0.026	0.201	0.403	0.5442	0.197
R499W	0.25	0.017	0.518	0.795	0.6659	0.314
R499Q	0.53	0.105	0.748	0.905	0.928	0.398
N503S	0.33	0.04	0.351	0.556	0.737	0.215
G506E	0.55	0.057	0.549	0.712	0.5011	0.364
C509Y	0.37	0.025	0.624	0.797	0.7411	0.622
N513S	0.05	0.017	0.524	0.719	0.5118	0.564
R514H	0.96	0.112	0.847	0.941	0.8451	0.422
R514C	0.51	0.082	0.548	0.768	0.5618	0.4
S522F	0.19	0.07	0.131	0.271	0.4305	0.326
Q524R	0.86	0.09	0.618	0.753	0.85	0.364
R533Q	0.56	0.094	0.825	0.919	0.8116	0.564
V536M	0.45	0.113	0.504	0.714	0.6158	0.265
R541Q	0.4	0.056	0.871	0.944	0.9904	0.48
L542R	0.47	0.068	0.461	0.749	0.5636	0.224
L542P	0.05	0.047	0.338	0.602	0.4651	0.227
A547T	0.57	0.088	0.919	0.966	0.7866	0.504
A555T	0.97	0.088	0.904	0.958	0.8093	0.494
R557L	0.48	0.05	0.656	0.834	0.4823	0.282
R557C	0.48	0.086	0.603	0.795	0.446	0.232
D559N	0.04	0.029	0.14	0.323	0.2452	0.087
D559H	0.07	0.012	0.077	0.207	0.1043	0.093
L563H	0.07	0.022	0.27	0.51	0.4237	0.227
V568G	0.13	0.028	0.388	0.536	0.1656	0.183
S573G	0.57	0.034	0.762	0.855	0.5547	0.435
Y575C	0.52	0.032	0.574	0.677	0.7837	0.458
G595R	0.82	0.111	0.621	0.827	0.5247	0.408
G596C	1.02	0.073	0.399	0.612	0.6578	0.371
V597I	1.02	0.129	0.968	0.986	0.8665	0.597
V597L	0.66	0.129	0.904	0.963	0.8403	0.629
E608K	0.44	0.075	0.897	0.955	0.9671	0.547
R615C	0.17	0.048	0.748	0.893	0.6381	0.391
S620G	0.93	0.073	0.849	0.924	0.6487	0.46
R626Q	0.29	0.046	0.801	0.896	0.5275	0.227
R626G	0.26	0.075	0.523	0.691	0.2342	0.214
A627V	0.08	0.001	0.873	0.931	0.8602	0.401
A628V	0.87	0.042	0.862	0.943	0.8914	0.426
V630G	1.11	0.088	0.756	0.86	0.8338	0.485
V630I	0.77	0.065	0.944	0.962	0.938	0.558
A633G	0.71	0.119	0.841	0.904	0.7877	0.502
D636N	0.69	0.086	0.884	0.933	0.9821	0.646
Q640R	0.79	0.131	0.648	0.803	0.7766	0.472
Q645P	0.05	0.039	0.054	0.11	0.1675	0.136
W649S	0.03	0.016	0.037	0.065	0.0241	0.117
P673S	0.25	0.045	0.497	0.736	0.6398	0.304
R676W	0.26	0.053	0.735	0.859	0.7035	0.233
A681V	0.86	0.045	0.858	0.926	0.8883	0.508
V686A	0.44	0.116	0.811	0.907	0.7846	0.298
Q688R	0.67	0.062	0.922	0.953	0.9898	0.676
H695Y	0.45	0.12	0.839	0.913	0.8187	0.494
Q703H	0.46	0.112	0.813	0.867	0.9348	0.492
V709I	0.62	0.197	0.929	0.958	0.7752	0.386
L710V	0.94	0.147	0.913	0.946	0.7477	0.668
R714M	0.56	0.11	0.853	0.905	0.927	0.476
Q718H	0.81	0.09	0.839	0.89	0.9348	0.528
R720Q	N/A	N/A	0.971	0.988	0.9948	0.585
D722N	0.93	0.125	0.725	0.858	0.7999	0.333
K729Q	0.9	0.117	0.849	0.907	0.9731	0.432
K729R	0.08	0.029	0.943	0.964	0.9854	0.471
F731V	0.76	0.124	0.435	0.585	0.7792	0.218
P736L	0.73	0.145	0.688	0.863	0.8107	0.514
R737G	1.08	0.035	0.69	0.804	0.8778	0.635
R737S	0.69	0.09	0.744	0.862	0.9566	0.591
R737H	0.66	0.09	0.862	0.925	0.9576	0.656
R737C	0.46	0.06	0.723	0.845	0.8362	0.573
A740P	0.59	0.143	0.733	0.836	0.9246	0.645
G741S	0.94	0.104	0.836	0.928	0.9894	0.687