AA_substitution	relative_activity	standard_deviation	26.1	25.2	30.1	25.3	23.1	22.1	24.1	26.3	26.2	21.1	21.2	25.1	26.4	27.1	28.2	28.1	29.1
A16V	0.42	0.005	0.99837	0.826	0.381632	0.931	0.8435	0.92336	0.942911809	0.906562	0.410261	1	1	0.633	1.001776	0.404480606	1	1	0.9212
V117A	N/A	N/A	0.50512	0.72	0.111679	0.846	0.5147	0.38559	0.2994206667	0	0	1	1	0.324	0.645976	0.376404465	1	0	0.6509
P118S	0.5	0.071	0.986939	0.777	0.73155	0.881	0.9229	0.72761	0.6101182167	0.863633	0.842278	1	1	0.538	0.871509	0.630964982	1	1	0.9065
Y131S	0.04	0.022	0	0.09	0.068991	0.132	0.1516	0.00142	0.0359386667	0	0	0.58	0.68	0.084	0.210157	0.041276597	0	0	0.3354
V135G	0.21	0.045	0	0.124	0.249812	0.163	0.0857	0.37743	0.0246876667	0	0	0.97	0.97	0.181	0.682638	0.472989965	0	0	0.4169
T137M	0.25	0.061	0	0.203	0.028709	0.314	0.0598	0	0.0040625	0	0	0.24	0.55	0.126	0.35623	0.02257375	0	0	0.8082
S141T	0.34	0.026	0.830437	0.145	0.342552	0.313	0.7979	0.37039	0.61615565	0.893394	0.790646	1	1	0.124	1.014602	0.082875075	1	0.3	0.9965
R152Q	0.35	0.071	0.820541	0.749	0.802946	0.932	0.8545	0.69178	0.946938125	0.367267	0.522391	1	1	0.325	0.74823	0.603806612	1	1	0.8855
I154T	0.04	0.031	0	0.098	0.073501	0.247	0.2017	0.04302	0.021344	0	0	0.8	0.8	0.145	0.372883	0.277574892	0	0	0.5084
A158S	0.1	0.025	0	0.21	0.106118	0.45	0.3313	0.19592	0.0713113333	0	0	0.98	0.98	0.202	0.469713	0.160627172	0	0	0.7056
S169N	0.76	0.091	1.286853	0.71	0.825342	0.847	0.6698	0.91639	0.9913416622	1.508936	1.075092	1	1	0.405	1.017654	0.99589335	1	0.3	0.9731
A181D	0.54	0.031	0.968251	0.585	0.815121	0.786	0.9182	0.65331	0.6683223333	1.319268	0.945815	1	1	0.489	1.116086	0.552055695	0	1	0.8727
G183A	0.11	0.036	0.278562	0.15	0.166992	0.31	0.3516	0.13983	0.0540588333	0	0	0.92	0.92	0.241	0.438785	0.17725921	0	0	0.8554
N190S	0.69	0.08	0.817785	0.82	0.856005	0.94	0.7107	0.80765	0.894741085	0.746815	0.608779	1	1	0.351	0.89371	0.825737543	1	1	0.9381
F192L	0.28	0.033	0	0.34	0.445664	0.613	0.475	0.66804	0.1500105	0	0	0.97	0.97	0.196	0.407431	0.72243266	0	0	0.7612
F198Y	0.44	0.032	0.655743	0.25	0.254321	0.428	0.7593	0.4764	0.7343755333	0.647975	0.626274	1	1	0.088	0.913231	0.254448392	0	1	0.8393
G202R	0.4	0.109	0	0.239	0.266947	0.428	0.5256	0.43224	0.0653106667	0	0	0.98	0.98	0.333	0.958155	0.045039595	0	0	0.8969
M204I	0.23	0.061	0	0.244	0.313242	0.469	0.2723	0.47219	0.0633573333	0	0	0.13	0.43	0.098	0.835423	0.7524285	0	0	0.8334
D211N	0.7	0.067	0.816151	0.594	0.793777	0.807	0.705	0.78313	0.9048547	0.774652	0.641146	1	1	0.492	0.901757	0.647083293	1	0	0.9446
P216S	0.67	0.055	0.958276	0.917	1.35678	0.965	0.888	0.95701	0.8984999333	0.93342	0.757498	1	1	0.511	0.937512	0.81423206	1	1	0.9717
P216R	0.57	0.028	0.938798	0.939	1.276251	0.975	0.8929	0.95172	0.823501545	0.939789	0.881968	1	1	0.521	1.024676	0.999251067	1	1	0.949
Q222E	0.47	0.031	0	0.661	0.136029	0.789	0.3964	0.40239	0.1633956667	0	0	0.65	0.75	0.123	0.435222	0.293131607	0	0	0.7455
Y224C	0.34	0.023	0.693794	0.736	0.344807	0.828	0.7945	0.39702	0.2321183333	0.647319	0.083573	1	1	0.379	0.854795	0.213580121	1	0	0.8496
R228Q	0.53	0.064	0.943149	0.893	0.912521	0.945	0.9659	0.86486	0.95673346	0.862861	0.773606	1	1	0.349	1.002359	0.562276262	1	1	0.9066
R228W	0.16	0.008	0.1332	0.779	0.226665	0.893	0.5779	0.14702	0.0237726667	0	0	0.99	0.99	0.253	1.19188	0.447957587	0	1	0.7315
G237D	0.06	0.033	0.112696	0.123	0.25868	0.277	0.3295	0.22204	0.2217491667	0	0	0.63	0.73	0.084	0.669574	0.116663617	0	0	0.9053
P243S	0.21	0.051	0	0.203	0.000001	0.447	0.1749	0.01452	0.008978	0	0	0.65	0.75	0.085	0.507268	0.168833717	0	0	0.6466
A244T	0.2	0.027	0	0.466	0.116789	0.728	0.3537	0.16963	0.0317883333	0	0	0.98	0.98	0.2	0.748615	0.573634548	1	0	0.9278
E251K	0.18	0.087	1.054158	0.954	0.989478	0.985	0.9236	0.96609	0.95590017	0.969972	0.93122	1	1	0.537	1.011198	0.626389402	1	1	0.9309
V253I	1.13	0.041	1.368119	0.966	0.833459	0.988	0.8605	0.95174	0.9994042486	1.776586	1.462576	1	1	0.581	1.085624	0.906652258	1	1	0.8996
T254I	0.67	0.064	0.859505	0.736	0.303622	0.895	0.5005	0.5671	0.1389561667	0.638698	0.446909	1	1	0.513	0.945025	0.533197067	1	1	0.8493
V260I	0.69	0.028	0.74471	0.893	0.744326	0.952	0.7216	0.87266	0.9787795383	0.551262	0.232355	1	1	0.347	0.942702	0.866301708	1	1	0.9194
N261S	0.72	0.03	0.811949	0.879	0.871336	0.94	0.7608	0.85596	0.8595369	0.649294	0.42877	0.98	0.98	0.371	0.876088	0.783290021	1	1	0.8589
T263M	0.93	0.163	0.311137	0.612	0.32662	0.777	0.6352	0.3553	0.0664251667	0	0	1	1	0.372	0.853868	0.021622675	1	0.3	0.8645
G269D	0.89	0.153	0.547403	0.453	0.35608	0.656	0.517	0.35616	0.153214	0.168937	0.076623	0.98	0.98	0.374	0.781907	0.130576598	0	0	0.8954
C273R	0.19	0.139	0.896968	0.161	0.333233	0.317	0.535	0.1	0.202148	1.179527	0.820062	1	1	0.296	0.816047	0.036011683	0	0	0.9437
S276F	0.07	0.039	0.45538	0.118	0.066436	0.28	0.4056	0.14573	0.0484046667	0.366452	0.099651	1	1	0.246	0.770889	0.044382493	0	1	0.9327
L281P	0.06	0.028	0	0.038	0.020592	0.074	0.1146	0	0.0018596667	0	0	0.82	0.82	0.196	0.377843	0.01424604	0	0	0.3803
P283L	1.19	0.057	0	0.286	0.054712	0.472	0.2788	0.12507	0.0062176667	0	0	0.84	0.84	0.335	0.395153	0.505223238	0	1	0.7779
I290V	0.21	0.035	1.131239	0.969	0.877349	0.988	0.9862	0.94784	0.9995235999	1.368626	1.131142	1	1	0.604	0.96257	0.825280551	1	1	0.9556
I291L	1.08	0.204	0.563469	0.865	0.342552	0.923	0.5612	0.61244	0.8308578	0.246963	0.381273	1	1	0.299	0.730357	0.600750563	1	0	0.8518
L294F	0.96	0.088	0.186459	0.757	0.267999	0.888	0.6943	0.37808	0.0574858333	0	0	1	1	0.353	0.755065	0.222588875	1	0	0.9247
R297Q	1.05	0.172	0.889164	0.877	0.605141	0.942	0.9153	0.53433	0.8524277167	0.875507	0.73251	1	1	0.401	0.883477	0.307488158	1	1	0.926
I300T	0.92	0.242	1.028107	0.969	0.870284	0.985	0.9649	0.95359	0.9568864567	1.263138	1.041047	1	1	0.41	0.92243	0.448732517	1	0	0.7893
D306G	0.58	0.06	0.51075	0.405	0.427927	0.616	0.5241	0.3656	0.406983	0.102082	0.075156	0.98	0.98	0.429	0.873979	0.11125751	0	0	0.9443
I308T	0.34	0.058	0	0.489	0.175109	0.731	0.3575	0.14985	0.0402863333	0	0	0.95	0.95	0.316	0.737108	0.244854242	0	0	0.6153
G310A	0.68	0.109	0.939819	0.647	0.491057	0.84	0.4895	0.60321	0.6057475	1.127909	0.908621	1	1	0.384	1.056809	0.239255464	1	1	0.9466
G310V	0.06	0.029	0	0.553	0.171051	0.781	0.2936	0.35787	0.0205178333	0	0	0.98	0.98	0.376	0.887711	0.276917737	0	1	0.9122
S322L	0.74	0.118	0.624966	0.656	0.301518	0.85	0.4739	0.36137	0.1146271667	0.104184	0.124719	0.98	0.98	0.512	0.872017	0.082163738	1	0.3	0.8856
L327F	0.09	0.047	0	0.322	0.01473	0.554	0.4736	0.18028	0.0476246667	0	0	0.98	0.98	0.248	0.62091	0.246734348	1	0	0.8291
A329T	0.87	0.15	0.623863	0.816	0.860364	0.912	0.8444	0.8885	0.324419	0.2043	0.170916	1	1	0.443	0.814019	0.62084028	1	0	0.8474
T332I	0.81	0.02	0.62635	0.86	0.729145	0.932	0.7316	0.82091	0.5340933333	0.478235	0.255511	1	1	0.506	0.926844	0.533618933	0	0.3	0.8514
V334I	0.76	0.093	0.959018	0.87	0.644972	0.933	0.9979	0.62701	0.9573842917	0.970152	0.852542	1	1	0.464	0.964912	0.805503879	1	0.3	0.8901
M338I	0.59	0.051	0.46636	0.391	0.373215	0.62	0.5873	0.3	0.344972	0.280609	0.363314	1	1	0.297	0.569912	0.66343915	1	0	0.8363
T339P	0.05	0.017	0.320449	0.667	0.754547	0.85	0.736	0.78703	0.4207213333	0	0	1	1	0.526	0.764399	0.66471345	0	0	0.9106
A340T	0.95	0.01	0.732999	0.902	0.375695	0.953	0.9785	0.5	0.7318515	0.196178	0.373663	1	1	0.58	0.926819	0.633288109	1	0	0.873
L349F	0.08	0.027	0.20589	0.36	0.467909	0.637	0.5234	0.66252	0.3024358333	0	0.11731	0.93	0.93	0.259	0.860984	0.436768902	1	0	0.8554
G351A	0.64	0.101	0.412731	0.161	0.104765	0.342	0.5617	0.28791	0.2425	0.219531	0.37212	1	1	0.144	0.841616	0.10313876	1	1	0.8593
F354S	0.07	0.01	0	0.154	0.072899	0.306	0.0604	0.05155	0.0336625	0	0	0.84	0.84	0.129	0.540219	0.071073128	0	0	0.3655
Q355K	0.65	0.112	0.482208	0.543	0.3657	0.706	0.8091	0.5658	0.540515	0.360096	0.175427	0.98	0.98	0.394	0.763693	0.4719443	1	0	0.9934
W361S	0.07	0.029	0	0.159	0.059221	0.329	0.0656	0.0043	0.008717	0	0	0.67	0.77	0.195	0.17294	0.000458683	0	0	0.1575
I366M	0.59	0.097	0.498689	0.878	0.79979	0.958	0.9507	0.828	0.9589856839	0.328372	0.350587	1	1	0.338	1.015759	0.686392639	1	0	0.7698
V369L	0.14	0.037	1.589553	0.682	0.717421	0.86	0.8777	0.91133	0.9635739534	2.056516	1.586007	1	1	0.426	1.145868	0.62578535	1	1	0.9348
P374S	0.77	0.127	0.584412	0.258	0.207726	0.474	0.2639	0.13953	0.0176263333	0	0	0.98	0.98	0.136	0.576085	0.037681108	0	0	0.7464
R375H	0.4	0.064	0.756212	0.879	0.667218	0.946	0.899	0.53306	0.4880906667	0.240236	0.051132	1	1	0.329	0.968282	0.126366579	1	1	0.9393
R375C	0.25	0.023	0.639917	0.719	0.499324	0.878	0.7222	0.36377	0.0967866667	0	0	1	1	0.332	0.60115	0.034123053	0	1	0.7732
R377H	0.06	0.036	0.712679	0.751	0.474372	0.878	0.6044	0.60914	0.5302723333	0.510576	0.495516	1	1	0.279	1.00254	0.423095511	0	0	0.9381
R377C	0.15	0.048	0	0.539	0.140839	0.79	0.3743	0.11744	0.0170243333	0	0	0.99	0.99	0.286	0.476086	0.333874599	0	0.3	0.8692
A385V	0.03	0.019	0	0.423	0.069142	0.668	0.434	0.13884	0.0757846667	0	0	0.98	0.98	0.316	0.745469	0.355372779	0	0	1
E386K	0.03	0.018	0	0.236	0.080715	0.459	0.3085	0.03002	0.0297531667	0	0	0.67	0.77	0.257	0.454512	0.305449283	0	0	0.8686
R393H	0.85	0.145	0.434092	0.879	0.859312	0.924	0.882	0.81601	0.60171665	0	0	0.98	0.98	0.408	0.646348	0.609638797	1	1	0.9381
Q398K	0.5	0.016	0.762825	0.612	0.782204	0.758	0.6572	0.78576	0.90575045	0.727515	0.464284	0.98	0.98	0.399	0.941524	0.722001245	0	0.3	0.971
G399V	0.05	0.025	0	0.087	0.043439	0.186	0.075	0	0.0045243333	0	0	0.63	0.73	0.11	0.406848	0.080139983	0	0	0.8002
W404C	0.02	0.018	0	0.045	0.062678	0.07	0.1308	0	0.0187671667	0	0	0.27	0.58	0.148	0.228709	0.00503099	0	0	0.1883
H408Y	0.04	0.022	0	0.174	0.053209	0.405	0.5104	0.15907	0.091346	0	0	0.98	0.98	0.126	0.559442	0.085941059	0	1	0.8273
E421K	0.33	0.056	0.788553	0.259	0.632797	0.492	0.8318	0.54401	0.84989825	0.594875	0.462229	1	1	0.343	0.927904	0.394522942	1	1	0.9505
G426A	0.09	0.021	0.454028	0.378	0.088231	0.629	0.5532	0.27464	0.2792913333	0.290423	0.238745	0.98	0.98	0.279	0.899049	0.102974617	1	1	0.889
R431C	0.05	0.021	0.217454	0.495	0.177815	0.745	0.5082	0.17553	0.0551061667	0	0	1	1	0.348	0.411237	0.187308809	0	1	0.8801
N435T	0.3	0.048	0.741203	0.259	0.509394	0.461	0.5909	0.27822	0.490789	0.274385	0.07407	0.98	0.98	0.25	0.658356	0.133141115	1	1	0.9651
T437S	0.96	0.071	0.742278	0.721	0.293552	0.853	0.753	0.43884	0.8151677167	0.528268	0.474996	0.98	0.98	0.243	0.851117	0.054508252	1	0	0.7894
T441M	0.49	0.048	0.456158	0.555	0.130167	0.764	0.5502	0.37797	0.041045	0.578392	0.454679	1	1	0.347	0.907748	0.056658347	1	1	0.9488
A444V	0.93	0.067	0.437709	0.666	0.477379	0.839	0.4739	0.86366	0.76624155	0.28465	0.246077	1	1	0.261	0.979092	0.351772563	1	0.3	0.9548
A444D	0.04	0.012	0	0.317	0.108973	0.501	0.2048	0.26956	0.1782256667	0	0	0.61	0.71	0.284	0.762886	0.469711033	1	0	0.8742
P445S	0.04	0.011	0.072513	0.203	0.059973	0.363	0.3365	0.22633	0.0269556667	0	0	0.98	0.98	0.216	0.725236	0.016780565	1	0	0.68
S449N	0.21	0.065	1.4665	0.739	0.975049	0.88	0.6362	0.94499	0.9916071952	1.942796	1.468794	1	1	0.553	1.133795	0.996222415	1	1	0.9864
V454F	0.04	0.017	0	0.254	0.077709	0.391	0.5811	0.22342	0.0266951667	0	0	1	1	0.245	0.820498	0.352687675	0	0	0.7158
Y455S	0.03	0.023	0	0.079	0.061326	0.118	0.0845	0	0.0213476667	0	0	0.55	0.65	0.113	0.262656	0.011346203	0	0	0.2171
S456F	0.23	0.042	0.205481	0.21	0.187284	0.484	0.336	0.24286	0.1265306667	0.215198	0	0.98	0.98	0.285	0.767286	0.069931852	0	1	0.9466
G462R	0.03	0.026	0.087207	0.229	0.072449	0.464	0.4979	0.16557	0.0565128333	0.13382	0.045984	0.99	0.99	0.407	0.901925	0.035761555	0	0	0.9899
R464Q	0.03	0.015	0.582439	0.603	0.42462	0.797	0.5703	0.47589	0.6646253333	0.138185	0.16529	1	1	0.348	0.758945	0.334080949	1	0	0.922
S477T	1.01	0.077	0.772135	0.884	0.880054	0.941	0.9192	0.83246	0.9094783167	0.531042	0.591875	1	1	0.273	0.940631	0.647146825	1	1	0.9843
A479T	0.2	0.043	0.521779	0.6	0.1709	0.791	0.7578	0.32014	0.2383551667	0.305917	0.39955	1	1	0.179	0.781573	0.596642751	1	0	0.8523
A480T	0.43	0.077	1.145747	0.903	0.929505	0.947	0.9929	0.97451	0.8159479833	1.548551	1.276342	1	1	0.595	1.041327	0.732164179	1	0.3	0.8789
R481W	0.09	0.014	0	0.344	0.021945	0.585	0.2922	0.07578	0.018854	0	0	0.61	0.71	0.251	0.382179	0.216430646	0	0	0.8274
P488L	0.39	0.075	0.598469	0.749	0.53149	0.845	0.7892	0.54921	0.2457616667	0	0	1	1	0.38	0.614339	0.339878135	1	0	0.9494
A490T	0.58	0.06	0.445453	0.788	0.462198	0.869	0.7456	0.5	0.4474756667	0.078584	0.171826	1	1	0.44	0.781459	0.843369434	1	0	0.8534
G491A	0.67	0.098	1.074904	0.843	0.864121	0.924	0.9318	0.95709	0.9969629129	1.347084	1.082172	1	1	0.621	1.086354	0.539733352	1	1	0.8526
A493V	0.18	0.033	0	0.173	0.008718	0.367	0.3084	0.11402	0.0409008333	0	0	1	1	0.093	0.397536	0.459518604	0	0	0.9216
L496P	0.05	0.026	0	0.201	0.200962	0.403	0.5442	0.12989	0.0215735	0	0	0.98	0.98	0.197	0.701869	0.001098118	0	0	0.6546
R499W	0.25	0.017	0.251389	0.518	0.272358	0.795	0.6659	0.2318	0.1918346667	0	0	0.98	0.98	0.314	0.833415	0.27112864	0	0	0.7459
R499Q	0.53	0.105	0.90032	0.748	0.837216	0.905	0.928	0.76422	0.9227251833	0.737873	0.666748	1	1	0.398	1.007208	0.422571953	0	1	0.881
N503S	0.33	0.04	0.652409	0.351	0.19495	0.556	0.737	0.30373	0.6151974667	0.39561	0.40864	0.98	0.98	0.215	0.883626	0.085920889	0	0	0.88
G506E	0.55	0.057	0.813377	0.549	0.597775	0.712	0.5011	0.54593	0.3774003333	0.133549	0.124041	0.98	0.98	0.364	0.904714	0.467984779	0	1	0.8318
C509Y	0.37	0.025	1.063078	0.624	0.077484	0.797	0.7411	0.1	0.7434220167	1.308008	0.965496	0.98	0.98	0.622	1.012986	0.826708281	0	0	0.9902
N513S	0.05	0.017	0.759546	0.524	0.098903	0.719	0.5118	0.41597	0.6398037	0.851457	0.533863	1	1	0.564	0.845205	0.086329409	1	0	0.8956
R514H	0.96	0.112	0.935727	0.847	0.932211	0.941	0.8451	0.85658	0.97064902	0.718583	0.76633	1	1	0.422	0.867707	0.596190583	1	1	0.9421
R514C	0.51	0.082	0.611271	0.548	0.443259	0.768	0.5618	0.18307	0.1386938333	0.410398	0.180677	1	1	0.4	0.663388	0.471861412	0	1	0.9016
S522F	0.19	0.07	0.306609	0.131	0.037878	0.271	0.4305	0.09343	0.0156635	0	0	0.98	0.98	0.326	0.656202	0.06508969	0	1	0.9234
Q524R	0.86	0.09	1.050615	0.618	0.915827	0.753	0.85	0.94964	0.8311200667	1.282431	1.12617	1	1	0.364	0.921236	0.961635633	1	1	0.9986
R533Q	0.56	0.094	0.600342	0.825	0.642567	0.919	0.8116	0.3	0.94685505	0.420071	0.124623	1	1	0.564	0.758303	0.49971827	0	0	0.6973
V536M	0.45	0.113	0.371578	0.504	0.174808	0.714	0.6158	0.35016	0.1867886667	0.258112	0.155485	1	1	0.265	0.804127	0.223063054	0	0	0.7229
R541Q	0.4	0.056	0.836051	0.871	0.742522	0.944	0.9904	0.48441	0.9325402833	0.759852	0.753408	1	1	0.48	0.868482	0.325919567	1	0.3	0.8916
L542R	0.47	0.068	0.540801	0.461	0.155268	0.749	0.5636	0.24898	0.0319926667	0	0.029787	0.98	0.98	0.224	0.606686	0.0006979	0	0	0.8829
L542P	0.05	0.047	0.246576	0.338	0.13663	0.602	0.4651	0.15463	0.0080836667	0	0	0.98	0.98	0.227	0.506032	0.000872985	0	0	0.6119
A547T	0.57	0.088	0.576423	0.919	0.564106	0.966	0.7866	0.90222	0.8008098167	0.071531	0.321262	1	1	0.504	0.727955	0.929944959	1	0	0.918
A555T	0.97	0.088	1.066627	0.904	0.865324	0.958	0.8093	0.96993	0.9295932683	1.185072	1.093948	1	1	0.494	1.050781	0.931738767	1	0.3	0.9549
R557L	0.48	0.05	0.571561	0.656	0.516609	0.834	0.4823	0.69899	0.5946818333	0.339486	0.385976	0.98	0.98	0.282	0.593529	0.46449091	0	0	0.8955
R557C	0.48	0.086	0.279899	0.603	0.167744	0.795	0.446	0.19923	0.0241261667	0	0	0.99	0.99	0.232	0.498214	0.424932502	0	0	0.778
D559N	0.04	0.029	0	0.14	0.082669	0.323	0.2452	0.06834	0.0367951667	0	0	0.14	0.44	0.087	0.351533	0.113072133	0	0	0.9302
D559H	0.07	0.012	0	0.077	0.022997	0.207	0.1043	0	0.0061523333	0	0	0.02	0.32	0.093	0.197112	0.0299272	0	0.3	0.9631
L563H	0.07	0.022	0	0.27	0.10717	0.51	0.4237	0.15907	0.1300926667	0	0	0.98	0.98	0.227	0.873454	0.019152863	0	0	0.822
V568G	0.13	0.028	0.250398	0.388	0.277469	0.536	0.1656	0.54812	0.4658961667	0.422673	0.181906	0.98	0.98	0.183	0.714632	0.567464307	0	0	0.126
S573G	0.57	0.034	0.71128	0.762	0.228168	0.855	0.5547	0.46533	0.2833495	0.835251	0.529368	1	1	0.435	0.939164	0.493409858	1	0	0.8162
Y575C	0.52	0.032	0.09609	0.574	0.483241	0.677	0.7837	0.5	0.5056426667	0	0	1	1	0.458	0.588347	0.550726167	0	0	0.4389
G595R	0.82	0.111	0.19003	0.621	0.106719	0.827	0.5247	0.37515	0.0529616667	0.031253	0.008877	1	1	0.408	0.801454	0.037963592	0	0	0.9295
G596C	1.02	0.073	0.477347	0.399	0.079663	0.612	0.6578	0.18155	0.0215178333	0.174911	0	1	1	0.371	0.722708	0.0000526	0	1	0.967
V597I	1.02	0.129	0.716024	0.968	0.799489	0.986	0.8665	0.93466	0.9961847671	0.679989	0.457484	1	1	0.597	0.972689	0.894793046	1	0.3	0.9442
V597L	0.66	0.129	0.492762	0.904	0.815873	0.963	0.8403	0.96952	0.9855660086	0.495825	0	1	1	0.629	0.964232	0.976741475	1	0	0.8897
E608K	0.44	0.075	0.970997	0.897	0.981813	0.955	0.9671	0.96062	0.9912367131	1.030193	0.888435	1	1	0.547	0.98851	0.694093139	1	1	0.9525
R615C	0.17	0.048	0.137686	0.748	0.340448	0.893	0.6381	0.36197	0.1376923333	0	0	0.98	0.98	0.391	0.862008	0.17742746	1	0.3	0.7779
S620G	0.93	0.073	0.796256	0.849	0.860364	0.924	0.6487	0.89737	0.8441421833	0.673957	0.576063	1	1	0.46	0.815631	0.645249675	1	0	0.895
R626Q	0.29	0.046	0.520872	0.801	0.218398	0.896	0.5275	0.43681	0.4839015	0	0.035857	0.98	0.98	0.227	0.635798	0.268957967	1	0	0.8874
R626G	0.26	0.075	0.088019	0.523	0.138885	0.691	0.2342	0.13569	0.058225	0	0	0.89	0.89	0.214	0.490062	0.087883678	0	0	0.7518
A627V	0.08	0.001	0.373955	0.873	0.857207	0.931	0.8602	0.91104	0.5476203167	0	0	0.98	0.98	0.401	0.689535	0.697643344	1	0	0.8345
A628V	0.87	0.042	0.60452	0.862	0.828949	0.943	0.8914	0.93909	0.8917380672	0.319595	0.414738	1	1	0.426	0.821151	0.858435268	1	0.3	0.9194
V630G	1.11	0.088	0.943258	0.756	0.672629	0.86	0.8338	0.72512	0.564634	1.194804	0.832548	1	1	0.485	1.018069	0.59118264	0	0	0.9198
V630I	0.77	0.065	0.845042	0.944	0.721629	0.962	0.938	0.82562	0.8665882833	0.617413	0.377599	1	1	0.558	0.926914	0.712303116	1	1	0.963
A633G	0.71	0.119	0.893604	0.841	0.892229	0.904	0.7877	0.71355	0.7062254833	0.3744	0.429737	1	1	0.502	0.909745	0.195938061	1	0	0.8423
D636N	0.69	0.086	0.706278	0.884	0.788817	0.933	0.9821	0.76498	0.8274103833	0.137374	0.202783	1	1	0.646	0.675044	0.40980901	1	0	0.9373
Q640R	0.79	0.131	1.033016	0.648	0.640764	0.803	0.7766	0.89444	0.7830958833	1.210824	0.984528	1	1	0.472	1.038421	0.975865783	0	0	0.8995
Q645P	0.05	0.039	0	0.054	0.114835	0.11	0.1675	0.031	0.0049235	0	0	0.56	0.65	0.136	0.511379	0.062126292	0	0	0.7436
W649S	0.03	0.016	0	0.037	0.080265	0.065	0.0241	0	0.0074955	0	0	0.15	0.46	0.117	0.101938	0.0008666	0	0	0
P673S	0.25	0.045	0.179126	0.497	0.110927	0.736	0.6398	0.38163	0.0216343333	0	0	0.98	0.98	0.304	0.517514	0.040759492	0	0	0.9898
R676W	0.26	0.053	0.35448	0.735	0.336991	0.859	0.7035	0.23271	0.1527463333	0	0	0.98	0.98	0.233	0.599627	0.081866028	0	1	0.7389
A681V	0.86	0.045	0.496356	0.858	0.690816	0.926	0.8883	0.76034	0.7077611	0.161462	0.200713	1	1	0.508	0.837467	0.847762428	1	0	0.9892
V686A	0.44	0.116	0.868304	0.811	0.690816	0.907	0.7846	0.70836	0.868842625	0.852114	0.711913	1	1	0.298	0.915014	0.561179308	1	0	0.7243
Q688R	0.67	0.062	0.962432	0.922	0.931009	0.953	0.9898	0.96504	0.9334533217	0.900109	0.792032	1	1	0.676	0.937098	0.975828383	1	1	0.9575
H695Y	0.45	0.12	0.95319	0.839	0.764617	0.913	0.8187	0.54625	0.8310217667	1.194246	0.549551	0.98	0.98	0.494	0.961146	0.107302607	1	1	0.9581
Q703H	0.46	0.112	0.719208	0.813	0.632046	0.867	0.9348	0.58315	0.7247675	0.119094	0	1	1	0.492	0.79357	0.175338387	1	0.3	0.9423
V709I	0.62	0.197	0.717699	0.929	0.657899	0.958	0.7752	0.92411	0.969358525	0.635917	0.664706	1	1	0.386	0.880688	0.712496116	1	0.3	0.9374
L710V	0.94	0.147	0.662204	0.913	0.945588	0.946	0.7477	0.92398	0.8988326	0.208022	0.090238	1	1	0.668	0.840322	0.910050572	1	0	0.8997
R714M	0.56	0.11	0.67547	0.853	0.425973	0.905	0.927	0.42638	0.499807	0.522153	0.217165	0.98	0.98	0.476	0.826961	0.076738012	1	1	0.9107
Q718H	0.81	0.09	0.811019	0.839	0.768375	0.89	0.9348	0.86678	0.471928	0.289751	0.198217	1	1	0.528	0.912588	0.719424533	1	1	0.8977
R720Q	N/A	N/A	1.017221	0.971	0.973696	0.988	0.9948	0.9632	0.9994434783	1.090631	0.990389	1	1	0.585	1.078253	0.521955364	1	1	0.8661
D722N	0.93	0.125	0.833747	0.725	0.526379	0.858	0.7999	0.498	0.8928001333	0.457044	0.624254	0.98	0.98	0.333	0.759234	0.336866103	1	1	0.8545
K729Q	0.9	0.117	0.960284	0.849	0.745077	0.907	0.9731	0.56168	0.95594577	1.065277	0.763526	1	1	0.432	0.891528	0.567813633	1	1	0.9918
K729R	0.08	0.029	1.064647	0.943	0.948444	0.964	0.9854	0.96492	0.9926886822	1.268225	1.014758	1	1	0.471	1.065591	0.542760667	1	1	0.9736
F731V	0.76	0.124	0.746844	0.435	0.179318	0.585	0.7792	0.27087	0.142276	0.813161	0.468419	0.98	0.98	0.218	0.354848	0.024128467	0	0	0.7008
P736L	0.73	0.145	0.873416	0.688	0.262588	0.863	0.8107	0.35787	0.2883681667	0.277357	0.142646	0.98	0.98	0.514	0.450998	0.093429897	0	1	0.9918
R737G	1.08	0.035	0.759766	0.69	0.469262	0.804	0.8778	0.55931	0.7433620667	0.822469	0.52099	0.68	0.78	0.635	0.483886	0.53885511	1.5	1.5	0.9738
R737S	0.69	0.09	0.887031	0.744	0.645724	0.862	0.9566	0.72126	0.7760682333	1.177214	0.853138	0.99	0.99	0.591	0.620377	0.545023635	1	0	0.9977
R737H	0.66	0.09	0.813912	0.862	0.763565	0.925	0.9576	0.7	0.9470548333	0.436947	0.384291	0.98	0.98	0.656	0.776777	0.564238198	1	0	0.9873
R737C	0.46	0.06	0.684429	0.723	0.289043	0.845	0.8362	0.37669	0.5019013667	0.651387	0.271569	0.56	0.65	0.573	0.391916	0.53988625	1	0	0.978
A740P	0.59	0.143	0.955817	0.733	0.178867	0.836	0.9246	0.62701	0.8334220717	0.659626	0.126428	0.98	0.98	0.645	0.85369	0.102464105	0	0.3	0.9858
G741S	0.94	0.104	0.976481	0.836	0.325567	0.928	0.9894	0.90232	0.931276005	0.923548	0.678649	0.88	0.88	0.687	0.808168	0.003900992	0	1	0.8918
